{
    "triggerId": [
        "714809315",
        "717299390",
        "718059724",
        "710117592",
        "711982704",
        "1180410",
        "712148591",
        "10333",
        "711805358",
        "10332",
        "1180055",
        "709410255",
        "1192253",
        "1192251",
        "708758776",
        "1187463",
        "710063283",
        "1175438",
        "1186032",
        "713559497",
        "709806846"
    ],
    "comment": [
        "afterglow detected",
        "not a grb",
        "not a grb",
        "no afterglow",
        "not a grb",
        "no afterglow",
        "no afterglow",
        "no afterglow",
        "no afterglow",
        "no afterglow",
        "not a grb",
        "no afterglow",
        "afterglow detected",
        "afterglow detected",
        "no afterglow",
        "no afterglow",
        "no afterglow",
        "afterglow detected",
        "afterglow detected",
        "afterglow detected",
        "no afterglow"
    ],
    "afterglow_ra": [
        299.6397739,
        0.0,
        0.0,
        0.0,
        0.0,
        0.0,
        0.0,
        0.0,
        0.0,
        0.0,
        0.0,
        0.0,
        14.24662,
        14.24662,
        0.0,
        0.0,
        0.0,
        196.60531,
        286.29683347,
        249.13,
        0.0
    ],
    "afterglow_dec": [
        54.4633396,
        0.0,
        0.0,
        0.0,
        0.0,
        0.0,
        0.0,
        0.0,
        0.0,
        0.0,
        0.0,
        0.0,
        80.14559,
        80.14559,
        0.0,
        0.0,
        0.0,
        3.30238,
        40.97415913,
        47.86,
        0.0
    ]
}